x_0,x_1,x_2,x_3,x_4,x_5,x_6,x_7,x_8,x_9,f(x),laplacian,biharmonic,model,input_dim,hidden_dim,num_layers,activation,precision
1.4436007,-1.032935,0.8776582,,,,,,,,-0.08821237087249756,-0.010118859820067883,-0.0406513437628746,MLP,3,64,4,tanh,float32
1.4436007,-1.032935,0.8776582,,,,,,,,-0.07525558024644852,0.0,0.0,MLP,3,64,4,relu,float32
0.9286368,0.41263935,-1.4389987,-1.6264992,-0.08176083,0.75880176,0.09859961,-0.17748456,0.16227052,0.6940518,-0.062109772115945816,0.03708108887076378,-0.07943103462457657,MLP,10,64,4,tanh,float32
0.9286368,0.41263935,-1.4389987,-1.6264992,-0.08176083,0.75880176,0.09859961,-0.17748456,0.16227052,0.6940518,-0.016488486900925636,0.0,0.0,MLP,10,64,4,relu,float32
1.623648,-0.25337973,-0.7536432,,,,,,,,0.41212743520736694,-0.15337461233139038,0.2594512403011322,ResNet,3,64,4,tanh,float32
1.623648,-0.25337973,-0.7536432,,,,,,,,0.11037857830524445,0.0,0.0,ResNet,3,64,4,relu,float32
0.23329619,0.44409207,0.17257641,-0.2129827,1.0652894,-0.0982271,-0.9147723,-0.32107574,0.32000524,-0.9241333,-0.22561170160770416,-0.023307356983423233,0.5329499244689941,ResNet,10,64,4,tanh,float32
0.23329619,0.44409207,0.17257641,-0.2129827,1.0652894,-0.0982271,-0.9147723,-0.32107574,0.32000524,-0.9241333,-0.19255436956882477,0.0,0.0,ResNet,10,64,4,relu,float32
